city,name,latitude,longitude
New York,Allentown,42.8995932,-78.87659
New York,West Village,42.8906913,-78.8804389
New York,Elmwood Village,42.9150876,-78.8747362
New York,Audubon Landing,43.0330402,-78.8151261
New York,Camp Chingachgook,43.5184792,-73.628133
New York,Breezy Point,40.5561885,-73.9224127
New York,Rockaway Point,40.5607186,-73.9182014
New York,Neponsit,40.5730825,-73.859917
New York,Seaside,40.5829612,-73.826026
New York,Belle Harbor,40.5767416,-73.8478774
New York,Roxbury,40.5662288,-73.8904487
New York,Broad Channel,40.6061969,-73.8198596
New York,Heer Park,40.6717627,-73.3722111
New York,Brooklyn Heights,40.6955775,-73.9952814
New York,Cobble Hill Historic District,40.6873697,-73.9965045
New York,Carroll Gardens Historic District,40.6800528,-73.9934464
New York,Boerum Hill Historic District,40.6855404,-73.9859521
New York,Sea Gate,40.5767475,-74.0074554
New York,North Park,42.9477385,-78.8565567
New York,Bushwick,40.6964385,-73.9192219
New York,Padgham Hill,43.0134558,-77.3521125
New York,913 - ASG Ring,40.8742287,-72.8801766
New York,Middle Village,40.7183976,-73.8822935
New York,Rego Park,40.723409,-73.8627982
New York,Forest Hills,40.7225377,-73.8437289
New York,Forest Hills Gardens,40.715612,-73.8426271
New York,Ridgewood,40.7028453,-73.9070643
New York,Pomonok,40.7323476,-73.8080585
New York,Fresh Meadows,40.7352499,-73.7793805
New York,Sunset Park,40.6506714,-74.0096643
New York,LeFrak City,40.7363212,-73.8623147
New York,Park Slope,40.6707289,-73.9813338
New York,New York,28.4762863,-81.4692443
New York,Chelsea District,40.7471381,-73.9980827
New York,Aspenwood,42.8201603,-73.7870702
New York,Foxwood Apartments,42.8093099,-73.7953643
New York,Forest Pointe,42.8052758,-73.7950229
New York,Grooms Point,42.8391207,-73.7988062
New York,Stony Creek,42.8144695,-73.7935132
New York,Shirewood,42.8177636,-73.793841
New York,Fort Greene,40.6901112,-73.9747704
New York,Unknown,40.7151861,-74.0004206
New York,Ramblewood Mobile Home Park,40.9473388,-72.8187043
New York,Center Square,42.6540606,-73.7629347
New York,Historic Grove Street Neighborhood,43.1597615,-77.600702
New York,Crescent Village Apartments,42.8165283,-73.7838962
New York,Boerum Hill,40.6857934,-73.9852945
New York,Downtown Brooklyn,40.6914533,-73.9855931
New York,Ditmas Park,40.6375991,-73.9634042
New York,Sunset Island,43.3164283,-78.8407701
New York,Bath Beach,40.5966991,-74.0012952
New York,Gravesend,40.5951016,-73.9736515
New York,West Brighton,40.5784666,-73.9747463
New York,University Hill,42.4479688,-76.4928309
New York,Kensington Village,41.7750164,-73.9122023
New York,Brighton Beach,40.5796494,-73.9613543
New York,Dyker Heights,40.6215675,-74.010811
New York,General Electric Realty Plot,42.816523,-73.9204785
New York,Hinman Quad,42.0869712,-75.9721451
New York,Mountainview Community,42.0847048,-75.9703256
New York,Dickinson Community,42.0867481,-75.9638417
New York,Newing Community,42.0885351,-75.9621019
New York,Deer Run Condominiums,41.4287261,-74.441486
New York,Sunrise Hills,41.4699766,-74.407084
New York,Chestnut Hill Subdivision,41.4241564,-74.439345
New York,Van der Voort & DeBeauvernet Subdivision,41.4253971,-74.4419443
New York,Presidential Heights,41.465261,-74.4202406
New York,Central Park Subdivision,41.4597136,-74.4137899
New York,Amp Rentals Inc,41.4263648,-74.4404327
New York,The Meadows,41.4413464,-74.385006
New York,Berdell Subdivision - 12 acres,41.4054513,-74.3248449
New York,Presidential Ridge,41.4643895,-74.4275028
New York,Randall Heights,41.462085,-74.4276239
New York,Fairlawn Estates Condominiums,41.452498,-74.403546
New York,Unknown,41.4317664,-74.4952925
New York,Highrose Ridge,41.4340442,-74.4490718
New York,Wallkill Associates Subdivision,41.475994,-74.3821635
New York,Lynwood Hills,41.4744154,-74.3853369
New York,Glen Park - 15 acres,41.4766326,-74.5483124
New York,Unknown,41.4549778,-74.4082858
New York,Butterfield Estates,41.3462388,-74.4855232
New York,Middletown Mews,41.4292797,-74.4444319
New York,Unknown,41.4285394,-74.4473971
New York,Aspen Townhouses,41.4342112,-74.4388207
New York,Webb Heights,41.4345871,-74.4306308
New York,Squirrel Hills,41.4317992,-74.4503051
New York,Powder Horn Estates,41.4327179,-74.4415912
New York,Evergreen Manor Apartments,41.4325303,-74.4444936
New York,Juniper Hills Apartments,41.4350974,-74.4441792
New York,Mountainside Hills Condos,41.4343826,-74.4454157
New York,Buttonwood Hills Condominiums,41.4358898,-74.4426169
New York,Sunny Acres,41.4389858,-74.4467681
New York,Meadowfield,41.4627245,-74.4015584
New York,Diamond District,40.7573718,-73.9801578
New York,College-in-the-Woods Community,42.0858347,-75.9667898
New York,Susquehanna Coummunity,42.0858077,-75.9751097
New York,Hillside Community,42.0875319,-75.9792389
New York,Flower District,40.7465957,-73.9920009
New York,Greenpoint Landing,40.7355201,-73.9604997
New York,Unknown,40.7926455,-73.5007766
New York,Windsor Terrace,40.6524221,-73.9796415
New York,Seneca Babcock,42.8761062,-78.8297118
New York,Kingsboro,43.0669986,-74.3360604
New York,Historic Downtown Gloversville,43.0510599,-74.3448499
New York,Bleecker Square,43.051785,-74.3463155
New York,South Gloversville Financial District,43.0284547,-74.3497044
New York,Boulevard,43.0550327,-74.3259793
New York,Melchoir Park,43.0572767,-74.3317474
New York,Industrial Park,42.9901958,-74.3977928
New York,DuBois Gardens,43.0574325,-74.3582287
New York,East Kingsboro,43.0673063,-74.3316015
New York,North Gloversville,43.0704102,-74.3379522
New York,Saint Thomas Square,43.0529886,-74.3454243
New York,North Manor Estates,40.7084719,-73.4106133
New York,Camp Mountaineer,44.2610205,-74.6565958
New York,Old Dickinson,42.0883646,-75.9646089
New York,942 - AGS Booster,40.8754397,-72.8814907
New York,Prospect Park South,40.6464967,-73.967125
New York,Albemarle-Kenmore Terraces Historic District,40.6487867,-73.9592283
New York,Camp Waubeeka,43.7516294,-73.6667647
New York,Camp Buckskin,43.7580073,-73.6500116
New York,Allsop-Fisher Salt Marsh,40.8882765,-73.5662099
New York,Farmingdale Villas,40.7147078,-73.4305921
New York,Unknown,40.7133028,-73.4308919
New York,Main Street Villas,40.7125441,-73.4304584
New York,Presidential Estates,42.835453,-73.7789125
New York,San Remo,40.8947093,-73.2193697
New York,Westchester Square,40.8391782,-73.8463661
New York,Downtown Jamestown,42.0961104,-79.2400033
New York,Brooklyn Square,42.0931732,-79.2390345
New York,Baychester,40.8707565,-73.8417711
New York,Hollywood,28.4767279,-81.4671415
New York,Minion Land on Illumination Avenue,28.4756253,-81.4683447
New York,San Francisco,28.4783833,-81.4695673
New York,Hillview Heights,42.7143643,-73.6803041
New York,Emerald Greens,42.7024959,-73.6798154
New York,Greenpoint,40.7289732,-73.9460045
New York,Coeymans CDP,42.477877,-73.7960485
New York,Lancaster,42.9100655,-78.637295
New York,Orchard Park,42.8247234,-73.8861163
New York,Uptown,43.4846263,-75.3386984
New York,Downtown,43.4800044,-75.3317345
New York,Fort George,40.85844,-73.9298867
New York,Herald Square,40.7495406,-73.9879779
New York,Stuy Town,40.7317364,-73.976883
New York,Hawthorne Hill,42.8028217,-73.8796294
New York,Battery Harris West,40.5603689,-73.8959694
New York,Greenwood Heights,40.6567262,-73.9980719
New York,Genesee Valley Park,43.1138184,-77.6462785
New York,Quaker Mill,41.4361308,-74.0488972
Los Angeles,Harbor City,33.7977986,-118.2951841
Los Angeles,Harbor Pines,33.7829586,-118.3038097
Los Angeles,Ramona Gardens,34.0583064,-118.1954186
Los Angeles,Los Feliz,34.1079663,-118.2880824
Los Angeles,LAX El Segundo Dunes Preserve,33.9418718,-118.4377999
Los Angeles,Oxford Square,34.0514321,-118.3256118
Los Angeles,Cameo Woods,34.0200534,-118.3741683
Los Angeles,Hathaway Hills Estates,34.0890738,-118.2633287
Los Angeles,Park La Brea,34.06783,-118.3545781
Los Angeles,Oak Pointe,34.2238085,-118.4834974
Los Angeles,New York Streets,34.0864666,-118.3202582
Los Angeles,Westlake South,34.0546242,-118.2719558
Los Angeles,Flower District,34.0409303,-118.2493226
Los Angeles,Lafayette Park Square,34.0430791,-118.3328261
Los Angeles,University Hills,34.0680365,-118.1703375
Los Angeles,Nordhurst Community,34.2351418,-118.4931811
Los Angeles,The Canyons at Porter Ranch,34.2938503,-118.5857835
Los Angeles,Hillcrest at Porter Ranch,34.2985861,-118.584572
Los Angeles,Westcliffe at Porter Ranch,34.2860199,-118.5770219
Los Angeles,Los Angeles,8.5123748,-82.6143726
Los Angeles,La Gloria,8.5097225,-82.60876
Los Angeles,Yucca Corridor,34.103402,-118.3341421
Los Angeles,Woodland Park Estates,34.2131783,-118.6384102
Los Angeles,Highlands,34.2976316,-118.5599753
Los Angeles,Silver Triangle,34.1409347,-118.3998493
Los Angeles,Cameron Woods,34.1847531,-118.4698556
Los Angeles,Sherwood Forest,34.2291281,-118.512849
Los Angeles,Remington Place,34.1980506,-118.6320504
Los Angeles,Knollwood Country Club Estates,34.2933171,-118.4972795
Los Angeles,Golden Triangle,33.9869341,-118.4484188
Los Angeles,Tuscany at Porter Ranch,34.2799857,-118.5763387
Los Angeles,Ventana at Porter Ranch,34.2784697,-118.5779136
Los Angeles,Aldea at Porter Ranch,34.2761305,-118.5768935
Los Angeles,The Vineyards Apartments at Porter Ranch,34.2773232,-118.5734316
Los Angeles,Tesoro at Porter Ranch,34.2787984,-118.5734632
Los Angeles,Toluca Estates,34.1451742,-118.3599389
Los Angeles,Vanowen Place,34.1933661,-118.5111165
Los Angeles,San Fernando Gardens,34.2677672,-118.4159844
Los Angeles,Melrose Hill,34.0871474,-118.3041022
Los Angeles,Melrose Hill Historic Preservation Overlay Zone,34.0849232,-118.3064471
Los Angeles,Los Angeles,-19.9011062,-44.0722461
Los Angeles,The Heights at Porter Ranch,34.2843364,-118.567169
Los Angeles,The Heights at Porter Ranch,34.2837968,-118.567169
Los Angeles,Sylmar Acres,34.3051615,-118.4732623
Los Angeles,Village Green,34.2940565,-118.4493628
Los Angeles,Alvarado Terrace Historic District,34.0452143,-118.2813146
Los Angeles,Shadow Glen Estates,34.3154002,-118.4582721
Los Angeles,Cagney Ranch Estates,34.2954362,-118.5363478
Los Angeles,Thai Town,34.1018957,-118.3049162
Los Angeles,Little Bangladesh,34.0690455,-118.2954251
Los Angeles,Pueblo de Los Ángeles Historical Monument,34.0564238,-118.2391492
Chicago,Trumbull Park Homes,41.7013009,-87.564448
Chicago,Altgeld Gardens,41.6553306,-87.6002295
Chicago,Forest Glen,41.9791903,-87.7521797
Chicago,Wildwood,42.0046779,-87.7771879
Chicago,Jackson Park Highlands District,41.7699167,-87.5795069
Chicago,O'Keeffe,41.7699366,-87.5714921
Chicago,Parkside,41.7699371,-87.5835124
Chicago,Bryn Mawr East,41.7626171,-87.5711888
Chicago,Unknown,41.7632406,-87.5991782
Chicago,Essex,41.7623088,-87.5903421
Chicago,Bryn Mawr West,41.762366,-87.5806965
Chicago,Brookdale,41.7681898,-87.594499
Chicago,Market District,41.888454,-87.6183199
Chicago,Lakewood Balmoral Historic District,41.9799345,-87.6627491
Chicago,Andersonville,41.9782199,-87.6676151
Chicago,The Island,41.8680089,-87.7716014
Chicago,Fulton Market District,41.8865309,-87.655506
Chicago,Fulton Market District,41.8866869,-87.6521846
Chicago,Unknown,41.8842455,-87.655506
Chicago,South Edgebrook,41.9881383,-87.7540867
Chicago,Jane Byrne Interchange,41.8749503,-87.6461381
Chicago,Wildwood,42.0061573,-87.7770828
Chicago,North Edgebrook,42.0082461,-87.7803325
Chicago,Old Edgebrook,41.9957729,-87.7674271
Chicago,West Argyle Street Historic District,41.9733859,-87.6573858
Chicago,Civic District,41.8882287,-87.6247428
Chicago,Arcade District,41.8874453,-87.6324601
Chicago,The Confluence,41.8867869,-87.6377115
Chicago,River North,41.898641,-87.6422407
Chicago,New East Side,41.8862994,-87.6194368
Houston,Meadowbrook,29.6807881,-95.2610957
Houston,University Green,29.5661096,-95.1080583
Houston,Southmore Plaza,29.6869349,-95.2290337
Houston,Windsor Park Lakes,29.7684912,-95.6982575
Houston,Texas Medical Center,29.702758,-95.3953955
Houston,Oaks Estates,29.7446023,-95.4458393
Houston,Lakes of Parkway,29.7485337,-95.6357284
Houston,Keegans Glen,29.6657929,-95.5887091
Houston,Huntington Village,29.6685348,-95.6029596
Houston,Meadow Park,29.6607401,-95.5921127
Houston,Bayou Place,29.6599406,-95.5767978
Houston,Parkglen West,29.6661127,-95.5806999
Houston,Crestmont Park,29.6374676,-95.3410869
Houston,Crestmont,29.6486542,-95.3378154
Houston,Westwood South,29.6825336,-95.5550023
Houston,Tanglewood,29.7613296,-95.4794345
Houston,Garden Oaks Court,29.818184,-95.4133924
Houston,Village of Oak Forest,29.8360281,-95.4639145
Houston,Garden Oaks Plaza,29.8292166,-95.4133939
Houston,Estates at Cullen Park,29.8091626,-95.6845418
Houston,Long Point Acres,29.8016474,-95.5275663
Houston,Neuen Manor,29.8114129,-95.5227885
Houston,Crestwood,29.7665601,-95.4260285
Houston,North Post Oak Estates,29.7887727,-95.4581955
Houston,Dominion Estates,29.8402989,-95.4241382
Houston,Candlelight Plaza,29.8382896,-95.4227253
Houston,Candlelight Estates,29.8375366,-95.4424689
Houston,Shepherd Park Plaza,29.8336478,-95.4226984
Houston,Candlelight Place,29.8391235,-95.4483095
Houston,Ella Lee Forest,29.8392979,-95.4348368
Houston,Candlelight Woods,29.8392608,-95.4545416
Houston,Candlelight Place,29.8393015,-95.4427534
Houston,Briargrove,29.7480758,-95.4924755
Houston,Bayou Estates,29.6494482,-95.3438094
Houston,Reserve at Washington,29.7866973,-95.4387061
Houston,Uptown,29.7488067,-95.4638653
Houston,Meyerland,29.678729,-95.4679857
Houston,Gulf Palms,29.6281481,-95.2070417
Houston,Linwood Heights,29.9864062,-95.7181439
Houston,Hyde Park,29.9818872,-95.713427
Houston,Wildwood at Oakcrest,30.0407869,-95.6521656
Houston,Yorkwood,29.8553711,-95.4959564
Houston,Deer Ridge Estates,30.0308673,-95.2244899
Houston,Cole Creek Manor,29.8525035,-95.4953349
Houston,Yaupon Grove,29.8491478,-95.5188341
Houston,University Place Townhomes,29.5602835,-95.1102468
Houston,Taylorcrest Condominiums,29.5609095,-95.1139087
Houston,The Cove,29.5677103,-95.1108738
Houston,Baywind Condominiums,29.562241,-95.1137024
Houston,University Trace Condominiums,29.5652464,-95.1119725
Houston,University Green Apartments,29.5643285,-95.1130725
Houston,Pleasantville,29.7640133,-95.2719316
Houston,Groveland Terrace,29.7968223,-95.2755571
Houston,Jandor Garden,29.7247391,-95.396968
Houston,Shadowlawn,29.7249259,-95.394717
Houston,Shadyside,29.7234471,-95.3940481
Houston,Oak Shadows,29.7232711,-95.3967938
Houston,Thirty Sunset,29.7233101,-95.397385
Houston,Warnecke,29.7246408,-95.3958411
Houston,West Eleventh Place,29.7254855,-95.3923336
Houston,Waverly Court,29.7253022,-95.3932507
Houston,Broadacres,29.7273002,-95.3968221
Houston,Ranch Estates,29.7294308,-95.3968781
Houston,Vassar Place,29.7306238,-95.3970899
Houston,Northline Terrace,29.8936845,-95.4055846
Houston,Terraces on Memorial,29.7660806,-95.6409458
Houston,Memorial Village Townhomes,29.780017,-95.5333034
Houston,Lakewood Place,30.0045758,-95.6075612
Houston,Villas at Lakewood Park,30.001384,-95.6087434
Houston,Southbrook,29.9525494,-95.4126053
Houston,Dow Acres,29.8451858,-95.5096055
Houston,Northwest Crossing,29.853474,-95.5028222
Houston,Chimney Hill,29.8870703,-95.6134673
Houston,Meadowood Estates,29.7759248,-95.2397149
Houston,Songwood,29.7779539,-95.2421793
Houston,Holiday Forest,29.7747969,-95.2252686
Houston,Wood Bayou,29.7841594,-95.2257004
Houston,Southwest Crossing,29.6291999,-95.4875357
Houston,Prestonwood Forest,29.9780907,-95.5534876
Houston,City Oaks,29.6176789,-95.3937494
Houston,Independence Heights,29.8300949,-95.3933132
Houston,Meadow Vista,29.9464403,-95.5544886
Houston,Somerset Green,29.7856638,-95.4415959
Houston,Champions Village,29.9870338,-95.1426542
Houston,Olympic Village,29.9948736,-95.1459127
Houston,Willow Run,29.8883676,-95.4248847
Houston,Hidden Valley West,29.8923564,-95.4229824
Houston,Hidden Valley,29.8929037,-95.4183599
Houston,Garden City Park,29.8863823,-95.4565335
Houston,Mahatma Gandhi District,29.7201,-95.4964083
Houston,Kensington Green,29.788267,-95.4379045
Houston,Timbergrove Point,29.7882605,-95.4397245
Houston,Timbergrove Trails,29.789853,-95.439752
Houston,Chinatown,29.7121397,-95.5474356
Houston,Spring Branch,29.8173131,-95.5078712
Houston,Spring Branch,29.8155954,-95.5073359
Houston,Wayside Village,29.8634024,-95.2795933
Houston,Greenway / Upper Kirby,29.7314431,-95.4354521
Houston,Montrose,29.7468973,-95.3961359
Houston,Houston Heights,29.7953293,-95.4047769
Houston,Washington Avenue Coalition / Memorial Park,29.7740497,-95.4104541
Houston,Fifth Ward,29.7753587,-95.3284998
Houston,Garden Villas,29.6586814,-95.3016739
Houston,Hamlin's Woodland,29.6652966,-95.2968734
Houston,Audobon Place,29.7408337,-95.3885563
Houston,Timbergrove Green,29.7883129,-95.435121
Houston,Maxroy Mews,29.7867297,-95.4311896
Houston,Palisades Park,29.7858922,-95.4272601
Houston,Acres Homes,29.869497,-95.4394497
Houston,Garden Oaks,29.82184,-95.4142988
Houston,Lazybrook,29.8033701,-95.4368807
Houston,Timbergorve Manor Section 1,29.7925712,-95.4172119
Houston,Timbergrove Manor Section 2,29.7913153,-95.4124663
Houston,Timbergrove Manor Section 3,29.787357,-95.4134213
Houston,Timbergrove Manor Section 4,29.7883906,-95.4164867
Houston,Timbergrove Manor Section 5,29.7876659,-95.4222907
Houston,Timbergrove Manor Section 6,29.79216,-95.4245577
Houston,Timbergrove Manor Section 7,29.7959763,-95.4284704
Houston,Timbergrove Manor Section 11,29.7978596,-95.4273285
Houston,Timbergrove Manor Section 12,29.7978519,-95.431456
Houston,Timbergrove Manor Section 10,29.7964462,-95.4357969
Houston,Timbergrove Manor Section 8,29.7948236,-95.4344284
Houston,Timbergrove Manor Section 9,29.7940845,-95.4354777
Houston,Timbergrove Manor Section 14,29.799624,-95.439889
Houston,Timbergrove Manor Section 13,29.7995959,-95.4435596
Houston,Lindale Park,29.8089137,-95.3635735
Houston,Avondale East,29.7459767,-95.3826972
Houston,Avondale West,29.7458711,-95.3875247
Houston,Courtlandt Place,29.7435426,-95.3838541
Houston,Old Sixth Ward,29.7660756,-95.3786828
Houston,Midtown,29.7431213,-95.3750396
Houston,Second Ward,29.7517652,-95.3262235
Houston,Fourth Ward,29.7571031,-95.3797733
Houston,Third Ward,29.7287978,-95.3549579
Houston,Museum District,29.7247013,-95.3831761
Houston,East Downtown,29.7500876,-95.3544919
Houston,Downtown,29.7585087,-95.3591944
Houston,Unknown,29.7913951,-95.378712
Houston,Cinco Ranch,29.7301352,-95.7906239
Houston,Meyerland,29.678729,-95.476044
Houston,LakeForest,29.7458666,-95.7261457
Houston,Parklake,29.752135,-95.7143062
Houston,Oak Forest,29.8294775,-95.4532071
Houston,Canterbury Village,29.7037379,-95.7503373
Houston,Canyon Gate at Cinco Ranch,29.7098303,-95.7356252
Houston,Kelliwood Greens,29.7285501,-95.7439775
Houston,Kelliwood Park,29.7279113,-95.7373489
Houston,Park Trace,29.7340195,-95.7323183
Houston,Saddlebrook Crossing,29.7187101,-95.7446356
Houston,Bayou Estates,29.6489643,-95.3490275
Houston,Royal Oaks Country Club,29.7252851,-95.5808689
Houston,Maplewood South/North,29.6743576,-95.4946908
Houston,Timbergrove Manor,29.7929126,-95.4285862
Houston,Houston,40.8277083,-96.6342375
Phoenix,Garfield,33.4552831,-112.0564307
Phoenix,Van Buren Acres,33.4476586,-112.1973338
Phoenix,Sunset Farms,33.410096,-112.2740873
Phoenix,Unknown,14.179674,121.2439958
Phoenix,Melrose District,33.5006633,-112.0868868
Phoenix,Triple Crown,33.6510479,-111.9713677
Phoenix,Silva Mountain,33.3740398,-112.1132042
Phoenix,Windsor Square,33.5129666,-112.0693294
Phoenix,Bonville Subdivision,13.952388,120.7311701
Phoenix,Tuscano,33.4156928,-112.2297435
Phoenix,Country Place,33.421109,-112.270475
Phoenix,Centura West,33.4576497,-112.1899995
Phoenix,Terralea,33.4263619,-112.1996212
Phoenix,Biltmore,33.5165717,-112.0287277
Phoenix,Lake Biltmore Village,33.5894947,-112.1213403
Phoenix,Central Park Village,33.6383617,-112.076299
Phoenix,SM Mall of Asia Complex,14.5367676,120.983434
Phoenix,Echo Canyon Residential Community,33.5210603,-111.976051
Phoenix,Laveen Meadows,33.3738623,-112.2074469
Philadelphia,Port Richmond Polish Neighborhood,39.9854255,-75.1036262
Philadelphia,Washington Square West,39.9472169,-75.1587282
Philadelphia,Boathouse Row,39.9694256,-75.1874534
Philadelphia,Naval Square,39.9438744,-75.1841504
San Antonio,La Villita,29.4217177,-98.4888274
San Antonio,Hunt Crossing,29.4216941,-98.6662925
San Antonio,Villa Amanda Residences,14.1799862,121.2434459
San Antonio,Monte Vista,29.4578084,-98.4908248
San Antonio,Brooks,29.3422808,-98.4401625
San Antonio,Unknown,29.5498998,-98.6768634
San Antonio,The Oaks of Sonterra,29.6266737,-98.5096225
San Antonio,Mountain View Acres,29.4870503,-98.6960596
San Antonio,Shavano Heights,29.5678912,-98.5639441
San Antonio,Great Northwest,29.4927312,-98.6686007
San Antonio,Five Points,29.4394584,-98.5014171
San Antonio,North San Antonio Hills,29.472321,-98.7187232
San Antonio,Crosstimber,29.6123852,-98.5370333
San Antonio,Oak Creek Estates,29.4570148,-98.7075342
San Antonio,The Enclave at Laurel Canyon,29.5454661,-98.6966144
San Antonio,La Marea,14.3644153,121.0352794
San Antonio,Santa Fe,29.4383292,-98.6701142
San Antonio,River Road,29.4532292,-98.4803944
San Antonio,Alta Vista,29.4556947,-98.5028091
San Antonio,Beacon Hill,29.4563963,-98.5080053
San Antonio,Chestnut Springs,29.4350151,-98.6646598
San Antonio,El Sendero at Weslake,29.4298121,-98.6654392
San Antonio,Lakeview,29.4259233,-98.6673709
San Antonio,The Enclave at Lakeside,29.4283482,-98.6576525
San Antonio,Bavarian Forest,29.5662857,-98.657887
San Antonio,Castle Hills Forest,29.5683986,-98.5326817
San Antonio,Summerfield Townhouses,29.5598117,-98.5337453
San Antonio,Inverness,29.5566461,-98.5392254
San Antonio,Unknown,14.179674,121.2439958
San Antonio,Legend Hills,29.6101745,-98.6153262
San Antonio,Woods of Alon,29.5504868,-98.536079
San Antonio,Elm Creek,29.5529107,-98.5530052
San Antonio,Fairways at Legacy Trails,29.4593841,-98.6749641
San Antonio,Westover Woods,29.4560732,-98.6706406
San Antonio,Silverbrook,29.5367099,-98.6701188
San Antonio,San Antonio,18.463364,-66.0951892
San Antonio,Lakeview,29.423431,-98.662881
San Antonio,Westbury Place,29.4160621,-98.6697611
San Antonio,Westlake,29.4225021,-98.6560827
San Antonio,Ridge Stone,29.365605,-98.6331741
San Antonio,Greenville West Subdvision,16.1734139,119.9452699
San Antonio,Oakland Estates,29.5359773,-98.600894
San Antonio,Shavano Highlands,29.6109771,-98.5586668
San Antonio,El Porvenir,4.2966853,-74.7993809
San Antonio,Waters Edge,29.4246587,-98.6585898
San Antonio,Shavano Forest,29.5629894,-98.5629512
San Antonio,The Gardens at Castle Hills,29.544673,-98.5262645
San Antonio,San Antonio,4.2991,-74.797927
San Antonio,Salsipuedes,4.3018451,-74.7954446
San Antonio,Alameda,4.3023338,-74.7963868
San Antonio,Liberty Village,29.3800878,-98.6479834
San Antonio,Rainbow Hills,29.4028217,-98.6569417
San Antonio,Stablewood Farms,29.3888442,-98.6507549
San Antonio,Camella Colina,14.3481102,121.0206962
San Antonio,South Peak,14.3496574,121.0329473
San Antonio,Mission Del Lago,29.3014503,-98.4833487
San Antonio,San Antonio,8.0744639,-80.9271263
San Antonio,San Antonio,8.0679984,-80.9327899
San Antonio,Reaville,14.3652281,121.0395997
San Antonio,Adelina 1,14.357686,121.0430164
San Antonio,Amil Compound,14.3622901,121.0342265
San Antonio,Adelina 2 Homes,14.3538432,121.0431697
San Antonio,Elnor Homes,14.3512843,121.043059
San Antonio,Maria Aurora Heights,14.3699929,121.0549479
San Antonio,Rene Favarolo,-29.4634893,-66.8677991
San Antonio,San Antonio,-29.4595741,-66.8611256
San Antonio,Meadows at the Reserve,29.4590583,-98.6654017
San Antonio,The Enclave at Westover Hills,29.4541783,-98.6674498
San Antonio,San Antonio,18.0809936,-66.3680576
San Antonio,Oak Park,29.506169,-98.4506048
San Antonio,Ba. Las Mercedes,-25.4021399,-54.635863
San Antonio,Heritage,29.4283566,-98.6814516
San Antonio,Park Place,29.4311999,-98.6982369
San Antonio,GSIS Compound,14.3510666,121.0392174
San Antonio,Urbanización Quintas de las Américas,18.2893105,-66.0392825
San Antonio,Unknown,10.2669735,-67.9646321
San Antonio,Unknown,10.2675784,-67.9662287
San Antonio,Urbanizacion Los Frailes,10.2695095,-67.9662373
San Antonio,Parque Residencial Amazonia,10.2707224,-67.9693789
San Antonio,La Abadia,10.2715527,-67.9709353
San Antonio,Conjunto Residencial San Fancisco,10.2647942,-67.9678709
San Antonio,Warwick Farms,29.5667936,-98.5421231
San Antonio,Oak Meadow,29.574508,-98.5380959
San Antonio,San Antonio,-25.284072,-57.7094408
San Antonio,Central,-25.2794444,-57.7023535
San Antonio,Sportivo Puerto Elsa,-25.2803848,-57.7076647
San Antonio,Virgen del Rosario,-25.2795382,-57.7094634
San Antonio,San Antonio Heights Phase 3,14.1220711,121.1524986
San Antonio,San Antonio,-33.5912983,-69.0237581
San Antonio,Bridgewood Estates,29.5123057,-98.7022633
San Antonio,Bridgewood Ranch,29.5100695,-98.7095643
San Antonio,Northwest Crossing,29.5081924,-98.6778307
San Antonio,Laurel Bend,29.5201627,-98.6860786
San Antonio,Stonefield,29.5407753,-98.6674126
San Antonio,Braun's Farm,29.5380207,-98.6766305
San Antonio,Lakeview,29.4274129,-98.6615461
San Antonio,San Antonio,-30.0233353,-59.5230066
San Antonio,Jefferson,29.4647676,-98.5325533
San Antonio,Monticello Park,29.4657895,-98.5327946
San Antonio,Hillcrest,29.485469,-98.5619243
San Antonio,Oak Hills,29.4977174,-98.5631775
San Antonio,San Antonio,7.0973554,125.6013138
San Antonio,San Antonio,-34.9273362,-58.5139475
San Antonio,Middleton,29.5051648,-98.3697906
San Antonio,San Jorge,3.9622273,-75.4719573
San Antonio,Rosemont Heights,29.5434061,-98.6596435
San Antonio,Hunters Creek,29.5646733,-98.5500413
San Antonio,Park Forest,29.5601598,-98.5592484
San Antonio,North Castle Hills,29.5526754,-98.5225194
San Antonio,Summer Hill,29.5487976,-98.5216674
San Antonio,Churchill Heights,29.5447298,-98.5211524
San Antonio,Preserve at Castle Hills,29.5389745,-98.5208474
San Antonio,Whispering Oaks,29.5443969,-98.5378027
San Antonio,Villa Manta,29.5239323,-98.5967619
San Antonio,Brycewood,29.4420935,-98.6728317
San Antonio,The Heights,29.4435347,-98.6786543
San Antonio,Westover Place,29.44211,-98.6781895
San Antonio,The Dominion,29.6547725,-98.6130667
San Antonio,Magnolia Heights,29.4441525,-98.6872649
San Antonio,San Antonio,12.1528242,-86.2765648
San Antonio,Westover Crossing,29.4406857,-98.689605
San Antonio,Westcove Village,29.4482918,-98.6915813
San Antonio,Oak Creek,29.440232,-98.7061218
San Antonio,San Antonio,3.4476462,-76.5399607
San Antonio,Point Bluff,29.6103801,-98.5478198
San Antonio,Braunridge,29.5410074,-98.687866
San Antonio,Sierra Springs,29.4395592,-98.6985237
San Antonio,Spring Vistas,29.4432775,-98.6985438
San Antonio,Achucarro,-25.4394029,-57.5492729
San Antonio,San Jorge,-25.4259353,-57.5487363
San Antonio,Acosta Ñu,-25.4173414,-57.5444108
San Antonio,Antigua Imagen,-25.4261652,-57.5593296
San Antonio,Naranjatý,-25.4192962,-57.558956
San Antonio,María Auxiliadora,-25.4242487,-57.5702647
San Antonio,San Blas,-25.4159705,-57.5637238
San Antonio,Pueblo,-25.4121596,-57.5770735
San Antonio,Las Garzas,-25.4033028,-57.5847914
San Antonio,San Francisco,-25.3949357,-57.5725295
San Antonio,La Merced,-25.4038416,-57.5638915
San Antonio,San Roque,-25.4090026,-57.5542029
San Antonio,Lopez Village,14.1725061,121.2451442
San Antonio,Woodlawn Lake,29.4498551,-98.5291811
San Antonio,Barangay Village,14.4677627,121.0252404
San Diego,Shipwreck Isle,32.765966,-117.2287914
San Diego,Science Research Park,32.8769081,-117.2203072
San Diego,Revelle College,32.8746582,-117.2408995
San Diego,John Muir College,32.8780305,-117.2410869
San Diego,Thurgood Marshall College,32.8817602,-117.241213
San Diego,North Campus,32.8882062,-117.2410924
San Diego,Earl Warren College,32.8826213,-117.2339184
San Diego,University Center,32.8794476,-117.2363349
San Diego,Campus Services Complex,32.8833634,-117.2294563
San Diego,San Diego,-0.2247241,-78.5214979
San Diego,Seventh College at the Village,32.8880787,-117.2422844
San Diego,Little Italy,32.7252169,-117.1716313
San Diego,Sixth College,32.8803525,-117.2421686
San Diego,Eleanor Roosevelt College,32.8849049,-117.2411817
San Diego,Asian Pacific Thematic Historic District,32.710417,-117.1610364
San Diego,Sunset Cliffs,32.7308667,-117.2523054
San Diego,Unknown,32.7278637,-117.2490574
San Diego,Biology Field Station,32.8854718,-117.2298598
San Diego,Parkview,32.5898677,-117.0268866
San Diego,The Landing at Ocean View Hills,32.5870342,-117.0304745
San Diego,San Diego,37.4116931,-5.968605
San Diego,Pepper Canyon,32.8791138,-117.2318417
San Diego,Ocean View Hills,32.5867043,-117.0276781
Dallas,Jardim Universitário,-24.2993158,-53.840153
Dallas,Residencial Olimpo,-24.3017982,-53.8395965
Dallas,Parque Mônaco,-24.3041939,-53.8388152
Dallas,São Vicente Palotti,-24.2979547,-53.8448254
Dallas,Jardim Dallas,-24.293991,-53.8461042
Dallas,Bonton,32.7456501,-96.7502039
Dallas,University Place,32.9886089,-96.7633671
Dallas,Roseland Commmunity,32.7991859,-96.7903242
Dallas,Eden Gleann,44.9237558,-123.2779315
Dallas,Ceres Gleann,44.9224143,-123.2779195
Dallas,Roseland Neighborhood,32.8013625,-96.788423
Dallas,Jardim Califórnia,-24.2961822,-53.8493582
Dallas,Residencial Jardim Ana Ligia,-24.306727,-53.8425726
Dallas,Jardim Universitário,-24.2993158,-53.840153
Dallas,Jardim Terra Nostra,-24.2988341,-53.844128
Dallas,Jardim Pérola,-24.3002513,-53.8436534
Dallas,São Francisco,-24.2995662,-53.843882
Dallas,São Vicente Palotti,-24.2979547,-53.8448254
Dallas,Residencial Letrari,-24.296451,-53.8442393
Dallas,Curitibano,-24.2969643,-53.8462256
Dallas,Jardim das Oliveiras,-24.2932749,-53.850874
Dallas,Parque Mônaco,-24.3041939,-53.8388152
Dallas,Residencial Olimpo,-24.3017982,-53.8395965
Dallas,Jardim Dallas,-24.293991,-53.8461042
Austin,Pioneer Hill Reserve,30.3576724,-97.6629232
Austin,Mueller,30.2983346,-97.7006597
Austin,The Island,41.8680089,-87.7716014
Austin,Allandale,30.343184,-97.7431795
Austin,Brentwood,30.3294347,-97.7305974
Austin,Easton Park,30.1433281,-97.7155947
Austin,East Cesar Chavez,30.2574299,-97.7296804
Austin,Holly,30.2547566,-97.7190337
Austin,Wooten,30.3604791,-97.7222459
Austin,Allandale,30.343184,-97.7431795
Austin,Brentwood,30.3294347,-97.7305974
Jacksonville,Gravel Ridge,34.867712,-92.1825835
Jacksonville,The Reserve at James Island,30.2429863,-81.5254472
Jacksonville,Brooklyn,30.3217058,-81.673933
Jacksonville,Englewood,30.2799039,-81.618805
Jacksonville,Loretto,30.1694683,-81.6161628
Jacksonville,Timberview,30.1854675,-81.6029484
Jacksonville,Southside Quarter,30.2461194,-81.5182602
Jacksonville,Tallulah-North Shore,30.3847814,-81.6564932
Jacksonville,Brentwood,30.3669053,-81.6601922
Jacksonville,The Preserve,30.2032285,-81.5415634
Jacksonville,The Pavillion,30.2033642,-81.5460665
Jacksonville,San Marco,30.3047366,-81.6498816
Jacksonville,Admirals Inlet,30.1748934,-81.6413422
Jacksonville,Tacito Creek,30.1709957,-81.6347574
Jacksonville,Rivercreek Estates,30.1729707,-81.6344912
Jacksonville,The Gates of Olde Mandarin,30.1687098,-81.6334832
Jacksonville,Tacito Woods,30.1698868,-81.6386795
Jacksonville,Julian Place,30.1708033,-81.6382532
Jacksonville,Scott Mill Bluff,30.1832887,-81.6390148
Jacksonville,Waverly,30.1789134,-81.6408257
Jacksonville,Ramsgate,30.1639958,-81.6376856
Jacksonville,Sienna Forest,30.1551124,-81.6391975
Jacksonville,Flynn Oaks,30.1530939,-81.6439349
Jacksonville,Holly Ridge,30.1523727,-81.635096
Jacksonville,The Paddocks,30.1579836,-81.635904
Jacksonville,Hideaway of San Jose,30.1560509,-81.6356311
Jacksonville,Stonebridge,30.1571609,-81.6437296
Jacksonville,Tuscan Oaks,30.1505791,-81.6445657
Jacksonville,Royal Point,30.1483449,-81.6431517
Jacksonville,Three Oaks,30.1466844,-81.6430699
Jacksonville,Chelsea Cove,30.1456539,-81.6387787
Jacksonville,Sutton Grove,30.1484485,-81.6358473
Jacksonville,Mandarin Estates,30.157575,-81.6422144
Jacksonville,Unknown,34.7357967,-77.3726832
Jacksonville,Unknown,30.330488,-81.4451515
Jacksonville,Mill Creek North,30.3399026,-81.5545872
Jacksonville,Park Avenue,30.2039201,-81.5488723
San Jose,Seven Trees,37.2863115,-121.837757
San Jose,Seven Trees,37.2907767,-121.842989
San Jose,Strawberry Square,37.3169292,-121.9831517
San Jose,The Villages Golf and Country Club,37.289686,-121.7492454
San Jose,Wood Estate,14.3358965,120.9313853
San Jose,Emerald Crest,14.3347027,120.929338
San Jose,Fiesta Homes,14.3322826,120.929063
San Jose,Rancho Rinconada,37.3162552,-122.0138096
San Jose,Satellite Homes 1,14.3326485,120.9303062
San Jose,San Jose,-27.4777911,-58.7943329
San Jose,San Jose,35.0448049,-106.6480458
San Jose,Unknown,9.0545859,123.0470549
San Jose,Rufina Homes Ⅳ,15.7952965,120.9786181
San Jose,Pinewood,8.1032966,125.1265945
San Jose,Unknown,12.5235262,121.1773951
San Jose,Unknown,12.5106616,121.2053456
San Jose,Unknown,12.5169495,121.1931879
San Jose,Unknown,12.5281053,121.2056561
San Jose,Unknown,12.5416366,121.2090527
San Jose,Qmunity District,37.3350222,-121.8906846
San Jose,Chantilley,37.2242564,-121.7747244
San Jose,Santa Teresa,37.2252328,-121.7769683
San Jose,Avenida Espana,37.2204646,-121.7664908
San Jose,Seven Trees,37.2885465,-121.8401035
San Jose,Satellite Homes 2,14.3309613,120.9302929
San Jose,Satellite Homes 3,14.3282621,120.9293227
San Jose,Southplains Executive Village,14.3446075,120.9314893
San Jose,Belareez Heights,15.8095337,120.9639103
San Jose,Green Valley,14.0615297,121.3343019
San Jose,Richwood Park Village,14.061644,121.3375674
Indianapolis,Heather Hills Subdivision,39.7942122,-85.9855928
Indianapolis,Park Valley Estates,39.7896791,-85.9855811
Indianapolis,Driftwood Hills,39.9188657,-86.1252853
Indianapolis,Sherwood Forest,39.9233982,-86.1316137
Indianapolis,Greenbrook,39.7850477,-85.9872513
Indianapolis,Steinmeier Estates,39.8869213,-86.082102
Indianapolis,Steinmeier Highgate,39.8869769,-86.0736515
Indianapolis,Massachusetts Avenue Commercial District,39.7759241,-86.1478956
Indianapolis,Steinmeier Village,39.8813134,-86.0774517
Indianapolis,Brendonshire,39.8512987,-86.063282
Indianapolis,Brendon Park,39.8476986,-86.0562578
Indianapolis,Brendonridge,39.8513506,-86.0713369
San Francisco,Medex Subdivision,14.0548689,121.3364926
San Francisco,San Francisco,19.4143253,-100.1237912
San Francisco,Parkmerced,37.7171533,-122.478357
San Francisco,Green Valley Village,8.487789,125.9746343
San Francisco,Tropical Heights Subdivision,8.4626548,125.9674524
San Francisco,San Pablo,2.5723883,-77.8852972
San Francisco,Obarrio,8.9862965,-79.5180655
San Francisco,Western Addition,37.7796926,-122.4343708
San Francisco,San Francisco,9.338171,-75.3040339
San Francisco,SAFRAGEMC Village,8.4878584,125.9664791
San Francisco,Tres Fronteras,-25.5912307,-54.6050733
San Francisco,Tres Fronteras,-25.5912307,-54.6050733
San Francisco,Santa Rosa,-25.5746057,-54.6095884
San Francisco,San Francisco,-25.5895029,-54.5993663
San Francisco,San Roque,-25.5675842,-54.5999863
San Francisco,Little Saigon,37.7837764,-122.4175877
San Francisco,Lower Haight,37.7730478,-122.4306584
San Francisco,San Francisco,-2.8983957,-79.0066798
San Francisco,Mercado 10 de agosto,-2.8997977,-79.0063582
San Francisco,JEP de la Sucre,-2.8971729,-79.006946
San Francisco,San Francisco,28.4783833,-81.4695673
San Francisco,Wizarding World - Diagon Alley,28.4798628,-81.4697975
San Francisco,Florida,-6.3621262,106.9659041
San Francisco,San Francisco,-6.3590833,106.9657525
San Francisco,Orlando,-6.3564109,106.9666481
San Francisco,San Francisco,4.4455698,-75.1888191
San Francisco,El Pedregal IV,4.4446782,-75.1869092
San Francisco,Crystal Aire Village,14.3081458,120.9172863
San Francisco,Country Meadow,14.3060988,120.9200631
San Francisco,Tropical Village Pabahay 2000,14.303152,120.9195835
San Francisco,Camella Homes Tierra Nevada,14.3181515,120.9229558
San Francisco,Le Rica Homes,14.3194435,120.9163403
San Francisco,Sunny Brooke 1,14.3153609,120.9123505
San Francisco,San Francisco,36.7285211,-4.3681671
San Francisco,San Francisco,-25.3949357,-57.5725295
San Francisco,Sunny Brooke 2,14.3124579,120.9177299
San Francisco,Chinatown,37.794088,-122.407167
San Francisco,Brentwood,14.3443191,120.9212854
San Francisco,Bella Vista Homes,14.3344966,120.9166083
San Francisco,Farconville,14.0567252,121.3279653
San Francisco,Twin Peaks,37.75246,-122.4475858
San Francisco,Green Valley,14.0615297,121.3343019
San Francisco,Barrio Santa Rosa,-26.6161698,-54.1118689
Columbus,Sawyer Manor,39.9766143,-82.9776359
Columbus,Victorian Village,39.9805167,-83.0087519
Columbus,Strawberry Farms,40.0753216,-82.9146478
Columbus,Woods at Josephinum,40.1186363,-83.0238199
Columbus,Crosswoods,40.1167262,-83.0099832
Columbus,Coppertree,40.1313892,-83.0864696
Columbus,Summit View Forest,40.1311744,-83.0790027
Columbus,Martin Luther King JR Boulevard / Havenbrook Court,32.4618797,-84.9702355
Columbus,Beechview,40.08697,-83.0475895
Columbus,Chaseland,40.0739636,-82.9933405
Columbus,Worthingview,40.1076025,-83.0467969
Columbus,Woodland Park Addition,39.9699711,-82.9594023
Columbus,Old Oaks Historic District,39.9513335,-82.9674687
Columbus,Brittany Hills,40.0069431,-82.9418905
Columbus,Kendale,40.0444556,-83.0458879
Columbus,Eastwood Heights,39.9681109,-82.9634772
Columbus,Hungarian Village,39.9281221,-82.9899457
Columbus,Northwood Park,40.0090232,-83.0063849
Columbus,Harrison West,39.9806775,-83.0181597
Columbus,Glen Echo,40.017064,-82.9993577
Columbus,Driving Park,39.9478095,-82.9538775
Columbus,Park Street District,39.9728818,-83.0064488
Columbus,Unknown,39.9633259,-83.0043609
Columbus,Livingston Park,39.9521076,-82.9835969
Columbus,Schumacher Place,39.9483098,-82.9862138
Columbus,Brewery District,39.9463212,-83.0007756
Columbus,German Village,39.9458811,-82.9925654
Columbus,Merion Village,39.9364829,-82.9906381
Columbus,Thurman Square,39.9395436,-82.9736715
Columbus,Southern Orchards,39.9477975,-82.9743731
Columbus,Reeb-Hosack,39.9238259,-82.9899784
Columbus,Millbrook,39.9284322,-82.951448
Columbus,Vassor Village,39.9312288,-82.9777156
Columbus,Innis Gardens,39.9283586,-82.960143
Columbus,Edgewood Acres,39.9366199,-82.9676658
Columbus,Deshler Park,39.9372136,-82.9527122
Columbus,Unknown,40.1253292,-82.993234
Columbus,Unknown,40.1209607,-82.9983409
Columbus,Unknown,40.1244467,-82.9995282
Columbus,Unknown,40.1204425,-82.983673
Columbus,Unknown,40.1236222,-82.9873377
Columbus,Unknown,40.1304653,-82.9965573
Columbus,Unknown,40.1340813,-82.9930968
Columbus,Unknown,40.1293649,-83.0023413
Columbus,Unknown,40.1337819,-83.0034739
Columbus,Unknown,40.1347909,-82.9988793
Columbus,Unknown,40.1223546,-82.9923318
Columbus,The Ravines at Deer Creek,40.1206401,-82.9758954
Columbus,Deer Creek,40.1235135,-82.9757049
Columbus,Unknown,40.0636542,-83.0242576
Columbus,Northwold,40.0679316,-83.0250722
Columbus,Homedale Addition,40.0698394,-83.025654
Columbus,South Beechwold,40.0569505,-83.0242448
Columbus,Unknown,40.060109,-83.0097921
Columbus,Unknown,40.0566612,-83.0097413
Columbus,Unknown,40.0709779,-83.0028924
Columbus,Unknown,40.1270314,-82.9819277
Columbus,Unknown,40.1296764,-82.9822308
Columbus,Unknown,40.1299532,-82.9772339
Columbus,The Village At Deer Creek,40.1242622,-82.9737121
Columbus,Unknown,40.1346674,-83.0089966
Columbus,Unknown,40.1488964,-83.0021775
Columbus,Unknown,40.1406193,-83.0032248
Columbus,Unknown,40.1387648,-83.0078567
Columbus,Unknown,40.1309612,-83.0117933
Columbus,Unknown,40.1249434,-83.0083338
Columbus,Unknown,40.1286207,-83.007049
Columbus,Edgewood,39.9287913,-82.9682702
Columbus,Clinton Estates,40.0541694,-82.9823032
Columbus,Maize-Morse,40.0546499,-82.992554
Columbus,Island View,40.071018,-83.0266091
Columbus,Eastmoor,39.9650607,-82.9199439
Columbus,Mayfair,39.9646512,-82.9094272
Columbus,East Hampton,39.9511931,-82.9056153
Columbus,Berwick,39.9401755,-82.9289395
Columbus,Tuttle Park,40.0121448,-83.015272
Columbus,SoHud,40.0104769,-82.9993952
Columbus,Indianola Forest,40.0041875,-83.0060538
Columbus,Iuka Ravine,40.0055026,-83.000636
Columbus,Indianola Terrace,40.0007091,-83.0019137
Columbus,Peach District,39.9928755,-83.0104165
Columbus,NECKO,39.9914061,-83.0171064
Columbus,Dennison Place,39.988862,-83.0121716
Columbus,Weinland Park,39.9912116,-83.00085
Columbus,Italian Village,39.980707,-82.999297
Columbus,Fifth by Northwest,39.9913221,-83.0392753
Columbus,The Courtyards on Riverside,40.0809797,-83.1071929
Columbus,Ravello,40.0789679,-83.1068829
Columbus,Fox Chapel,32.5368044,-84.9640108
Columbus,Walnut Woods,40.111046,-82.852898
Columbus,Project QT,40.0013846,-83.0860534
Columbus,Peppertree,32.5519051,-84.9593112
Columbus,Thornhill,32.557602,-84.9594029
Columbus,Clintonville,40.047513,-83.015876
Columbus,North Linden,40.0321603,-82.9756934
Columbus,East Linden,40.0202665,-82.9601817
Columbus,South Linden,40.0027935,-82.978793
Columbus,Eastland,39.9199663,-82.8755329
Columbus,Hilltop,39.9404008,-83.080021
Columbus,Franklinton,39.954373,-83.0267266
Columbus,Old North Columbus,40.0125929,-83.0089652
Columbus,Coliseum District,39.9983051,-82.9932701
Columbus,Ohio District,39.9957141,-82.9920829
Columbus,Natural Resources Park District,39.995288,-82.9884128
Columbus,Buckeye District,39.9986471,-82.9890004
Columbus,Central Park District,39.9975316,-82.991924
Columbus,Cardinal District,40.0023936,-82.9912813
Columbus,Forest Park,40.0735595,-82.9741035
Columbus,Lincoln Village,39.9520218,-83.1328127
Columbus,Engineering Core,40.0023763,-83.0135902
Columbus,West Campus,40.0084211,-83.035323
Columbus,Easton,40.0496784,-82.9160419
Columbus,Hamilton Avenue Street Park,39.9658907,-82.9814593
Columbus,Old Beechwold Historic District,40.0607021,-83.023821
Columbus,Sharon Heights,40.0735522,-83.0095412
Columbus,Olentangy Meadows,40.1435585,-83.0117056
Fort Worth,Fairmount,32.7243409,-97.3376652
Fort Worth,Downtown Fort Worth,32.753997,-97.3304683
Fort Worth,Como,32.7212491,-97.4034126
Charlotte,Plaza Hills,35.2346577,-80.7986335
Charlotte,Yorkshire,35.1052424,-80.9681062
Charlotte,Withrow Downs,35.3557998,-80.7210913
Charlotte,Highland Creek,35.3865167,-80.7589287
Charlotte,Brookstone,35.3277811,-80.7934618
Charlotte,Prescott Village,35.329594,-80.7982722
Charlotte,Mallard Grove,35.329029,-80.7890676
Charlotte,Mallard Ridge,35.3378854,-80.7903772
Charlotte,Harris Pointe,35.3361947,-80.7905697
Charlotte,Carousel Park,35.1040412,-80.9417213
Charlotte,Thrill Zone,35.1056741,-80.9414965
Charlotte,Carolina Boardwalk,35.1034064,-80.9427862
Charlotte,County Fair,35.1026015,-80.9432137
Charlotte,Blue Ridge Junction,35.1013495,-80.9426206
Charlotte,Celebration Plaza,35.103648,-80.9403385
Charlotte,Redwood,35.1053449,-80.9488563
Charlotte,Elm,35.1045738,-80.9483819
Charlotte,Maple,35.1030165,-80.9494837
Charlotte,Riviera,35.0383236,-80.8612175
Charlotte,Providence Pointe,35.0340485,-80.8636096
Charlotte,Hampton Leas,35.1218217,-80.7760496
Charlotte,Bishops Ridge,35.1270732,-80.7738246
Charlotte,Sherwood Forest,35.1713339,-80.7817546
Charlotte,Hampton Park,35.2979159,-80.7506957
Charlotte,Hucks Landing,35.3509832,-80.8046874
Charlotte,Rossmore,35.3284364,-80.7749116
Charlotte,Mallard Trace,35.3304386,-80.7757536
Charlotte,Colvard Park,35.3376742,-80.7762464
Charlotte,Prosperity Point,35.3443143,-80.7742718
Charlotte,Lansdowne,35.1480922,-80.7799661
Charlotte,Sardis Woods,35.1424278,-80.7497764
Charlotte,Cady Lake,35.0578409,-80.7959437
Charlotte,Coventry Woods,35.1941754,-80.7554609
Charlotte,Cresswind,35.229724,-80.6445099
Charlotte,Holly Hill,35.2169429,-80.7058742
Charlotte,Hickory Ridge,35.2190279,-80.7158398
Charlotte,Lake Forest,35.2090884,-80.7178564
Charlotte,Kinghurst Park,35.2085717,-80.7146083
Charlotte,Easthaven,35.1912826,-80.7313544
Charlotte,Grove Park,35.2393289,-80.7277775
Charlotte,Ravenwood,35.2394421,-80.7233239
Charlotte,Anthem,35.1870885,-80.7793259
Charlotte,Amity Garden,35.1949162,-80.7723612
Charlotte,Green Meadows,35.2532319,-80.7620493
Charlotte,Hampshire Hills,35.2524957,-80.7491918
Charlotte,Citiside,35.2460336,-80.7747135
Charlotte,Shannon Park,35.2439673,-80.7618432
Charlotte,Windsor Park,35.2224493,-80.7608649
Charlotte,Darby Acres,35.2190579,-80.765953
Charlotte,Sheffield,35.2031031,-80.7657436
Charlotte,Winterfield,35.207448,-80.7630776
Charlotte,Autumnwood,35.2791708,-80.7499933
Charlotte,Knollwood Acres,35.2878301,-80.7428921
Charlotte,College Downs,35.2973043,-80.7314956
Charlotte,Hunter Acres,35.3090873,-80.8153928
Charlotte,Ridgeview,35.3018332,-80.7827947
Charlotte,Amarillo Park,35.2877535,-80.7780014
Charlotte,Crater Park,35.3084304,-80.8303623
Charlotte,Trexler Acres,35.2934604,-80.8299624
Charlotte,Derita Woods,35.281021,-80.8148135
Charlotte,Tanglewood,35.2838097,-80.8210506
Charlotte,Howie Acres,35.2502199,-80.7858639
Charlotte,Pine Island,35.2996686,-80.969909
Charlotte,Ravenwood,35.1084933,-80.9119927
Charlotte,Oaklawn,35.2535494,-80.848873
Charlotte,McCrorey Heights,35.2491445,-80.851062
Charlotte,Lincoln Heights,35.2634985,-80.8489546
Charlotte,Washington Heights,35.2571861,-80.8608626
Charlotte,University Park,35.2644585,-80.8613876
Charlotte,Oakview Terrace,35.260794,-80.8722334
Charlotte,Greenville,35.2434103,-80.8415974
Charlotte,Uptown,35.2286411,-80.8455003
Charlotte,Gateway,35.2331838,-80.8503542
Charlotte,University City,35.3109226,-80.7524009
Charlotte,Mallard,35.3401109,-80.7712641
Charlotte,Graceshire,35.313943,-80.8123706
Charlotte,Derita,35.2876671,-80.8223532
Charlotte,Mineral Springs,35.2921713,-80.7891649
Charlotte,Nevin,35.2997062,-80.828749
Charlotte,Croft,35.3432248,-80.8184471
Charlotte,Northlake,35.3466191,-80.8571687
Charlotte,Wesley Heights,35.2330292,-80.8670448
Charlotte,Seversville,35.2415866,-80.8663574
Charlotte,Biddleville,35.245631,-80.8649344
Charlotte,Wilmore,35.2184264,-80.8661584
Charlotte,Brookhill,35.2095614,-80.8693944
Charlotte,South End,35.2120141,-80.8583904
Charlotte,Starmount,35.1371545,-80.8706763
Charlotte,Montclaire,35.1532139,-80.8671231
Charlotte,Madison Park,35.1597521,-80.8662477
Charlotte,Midtown,35.2131679,-80.8338205
Charlotte,Cherry,35.2097355,-80.8318137
Charlotte,Dilworth Historic District,35.206531,-80.8499712
Charlotte,Cameron Wood,35.1024671,-80.8532761
Charlotte,Stonehaven,35.158189,-80.7636841
Charlotte,Reavencrest,35.0480133,-80.8030661
Charlotte,Raeburn,35.0457627,-80.8094275
Charlotte,Davis Lake,35.3419801,-80.8145136
Charlotte,Allen Hills,35.2927108,-80.8082497
Charlotte,Greenbriar Woods,35.1809912,-80.8977628
Detroit,Brush Park,42.344954,-83.052835
Detroit,North Corktown,42.3373675,-83.0779373
Detroit,Woodward East Historic District,42.3450971,-83.0522387
Detroit,Art District,42.3616994,-83.0619372
Detroit,Medical Center,42.3540782,-83.0564745
Detroit,Milwaukee Junction,42.3725582,-83.0618228
Detroit,Five Points,42.4356251,-83.2828883
Detroit,The Eye,42.4215899,-83.2823925
Detroit,South of Six,42.4107732,-83.2819098
Detroit,Grandmont-Rosedale,42.4008776,-83.2229487
Oklahoma City,The Grove I,35.6656534,-97.5699582
Oklahoma City,University Place,35.4891016,-97.5328138
Oklahoma City,University,35.4894137,-97.5356477
Oklahoma City,West End,35.504095,-97.5521263
Oklahoma City,Westmont,35.5064859,-97.5465877
Oklahoma City,Military Park,35.5041335,-97.5408322
Oklahoma City,Mesta Park,35.4896282,-97.5254964
Oklahoma City,Classens West Highland Parked,35.4844381,-97.523261
Oklahoma City,Classens Highland Parked,35.4844384,-97.5184692
Oklahoma City,Pleasant View,35.4948949,-97.5270448
Oklahoma City,Edgemere Park,35.5041564,-97.5170887
Oklahoma City,Edgemere Park,35.5050959,-97.5199363
Oklahoma City,Barrows,35.4965776,-97.5063736
Oklahoma City,Donly Heights,35.4972905,-97.5073799
Oklahoma City,Donly Heights,35.4970965,-97.5061071
Oklahoma City,Northeast Highland,35.4979486,-97.509347
Oklahoma City,Barrows,35.4965738,-97.5059553
Oklahoma City,Madison Park,35.4944119,-97.5087446
Oklahoma City,Barrows,35.4965824,-97.5079011
Oklahoma City,Imboden and Middleton,35.4957823,-97.5005029
Oklahoma City,Harrell,35.4959364,-97.4994838
Oklahoma City,Neff Capitol,35.4977492,-97.4977485
Oklahoma City,Altalawn,35.4995477,-97.4972381
Oklahoma City,Hayes Highland,35.4977345,-97.4960497
Oklahoma City,Fitzhugh Place,35.4995801,-97.5018362
Oklahoma City,Roanoke Place,35.4995572,-97.4958783
Oklahoma City,Powell,35.4995555,-97.4948633
Oklahoma City,Team,35.4995704,-97.4999801
Oklahoma City,Downing,35.5014168,-97.5013808
Oklahoma City,Johnstons,35.5014077,-97.4999433
Oklahoma City,McNabb and Hunt,35.5027769,-97.5005369
Oklahoma City,WJ Landes,35.5045668,-97.5016459
Oklahoma City,McNabb and Hunt,35.5054642,-97.50173
Oklahoma City,Downing Schmitt,35.5046042,-97.4999339
Oklahoma City,McNabb and Hunt,35.5038857,-97.4992523
Oklahoma City,McNabb and Hunt,35.5038797,-97.5007527
Oklahoma City,McNabb Park,35.5025291,-97.4966144
Oklahoma City,Hares Lincoln Boulevard,35.5065785,-97.502744
Oklahoma City,Hares Lincoln Boulevard,35.5068125,-97.5007601
Oklahoma City,McNabb Park,35.5047053,-97.4968512
Oklahoma City,Park Terrace,35.5054502,-97.4966151
Oklahoma City,Park Estates,35.5095725,-97.4832172
Oklahoma City,Park Estates,35.5049611,-97.4843238
Oklahoma City,Park Estates,35.5222064,-97.4833149
Oklahoma City,Park Estates,35.5022376,-97.4866997
Oklahoma City,Alvira Heights,35.5045305,-97.490742
Oklahoma City,Park Estates Ranchette,35.5050404,-97.4882896
Oklahoma City,Scales Place,35.5049573,-97.4861568
Oklahoma City,Briarwood,35.5067088,-97.4843037
Oklahoma City,Vairy,35.5062811,-97.4786069
Oklahoma City,Patrick Moore,35.50403,-97.4810938
Oklahoma City,Carlisle Crossing,35.6057194,-97.6799316
Oklahoma City,Bricktown,35.4660436,-97.5061549
Oklahoma City,May-Penn,35.5106596,-97.5563552
Oklahoma City,Williamson Farms,35.3428908,-97.605291
Oklahoma City,Heritage Heights,35.6146784,-97.4626408
Oklahoma City,Villas at Oxford Park,35.6102579,-97.4522344
Oklahoma City,Edmond Gardens,35.6104586,-97.4584347
Oklahoma City,Wellington Park,35.6130888,-97.4571791
Oklahoma City,Oxford Park,35.6145478,-97.4527833
Oklahoma City,Lost Creek,35.6109745,-97.4500908
Oklahoma City,Magnolia Plantation,35.6109835,-97.4481397
Oklahoma City,Oak Hollow,35.6105361,-97.4462049
Oklahoma City,Pecan Ridge,35.6132553,-97.4439707
Oklahoma City,Pecan Hollow,35.6141664,-97.4439615
Oklahoma City,Langcaster Gates,35.6150762,-97.4439613
Oklahoma City,Spring Hill,35.6200657,-97.4494946
Oklahoma City,Spring Creek,35.6138638,-97.4472933
Oklahoma City,Midtown Oklahoma City,35.4772307,-97.5217848
Oklahoma City,The Preserve at Parkside,35.3394176,-97.5960533
Oklahoma City,Wheeler District,35.4497482,-97.5325019
Oklahoma City,Esperanza,35.6268375,-97.571738
Oklahoma City,Asian District,35.5005472,-97.5366499
Oklahoma City,Trails South,35.6474125,-97.5184225
Oklahoma City,Heritage Hills,35.4873509,-97.5184972
Oklahoma City,Jefferson Park,35.4969186,-97.5174871
